{
  "name": "Adriatic Sunsets Booking",
  "version": "1.0.0",
  "devDependencies": {
    "grunt": "^0.4.5",
    "grunt-contrib-cssmin": "^0.10.0",
    "grunt-contrib-imagemin": "^0.9.4",
    "grunt-contrib-uglify": "^0.5.1",
    "grunt-contrib-watch": "^0.6.1",
    "grunt-critical": "^0.1.7",
    "grunt-newer": "^0.7.0",
    "grunt-notify": "~0.2.17",
    "grunt-sass": "^1.0.0",
    "imagemin-mozjpeg": "^5.1.0",
    "load-grunt-tasks": "^3.3.0"
  },
  "dependencies": {
    "time-grunt": "~0.2.9"
  }
}
